[
  {
    "id": "vla-SetCellGridLineWeight",
    "notes": "This is here just to copy/paste the ACAD_LWEIGHT enums to ones without values",
    "fullSelectedPath": "functions,vla-setcellgridlineweight,arguments",
    "targetProperty": "arguments",
    "jsonValue": "[\r\n  {\r\n    \"id\": \"Object\",\r\n    \"typeNames\": \"Table\",\r\n    \"primitive\": \"vla-object\",\r\n    \"enums\": []\r\n  },\r\n  {\r\n    \"id\": \"row\",\r\n    \"typeNames\": \"Long\",\r\n    \"primitive\": \"long\",\r\n    \"enums\": []\r\n  },\r\n  {\r\n    \"id\": \"col\",\r\n    \"typeNames\": \"Long\",\r\n    \"primitive\": \"long\",\r\n    \"enums\": []\r\n  },\r\n  {\r\n    \"id\": \"edges\",\r\n    \"typeNames\": \"AcCellEdgeMask\",\r\n    \"primitive\": \"enum\",\r\n    \"enums\": [\r\n      \"acBottomMask\",\r\n      \"acLeftMask\",\r\n      \"acRightMask\",\r\n      \"acTopMask\"\r\n    ]\r\n  },\r\n  {\r\n    \"id\": \"Lineweight\",\r\n    \"typeNames\": \"ACAD_LWEIGHT\",\r\n    \"primitive\": \"enum\",\r\n    \"enums\": [\r\n      \"acLnWt000\",\r\n      \"acLnWt005\",\r\n      \"acLnWt009\",\r\n      \"acLnWt013\",\r\n      \"acLnWt015\",\r\n      \"acLnWt018\",\r\n      \"acLnWt020\",\r\n      \"acLnWt025\",\r\n      \"acLnWt030\",\r\n      \"acLnWt035\",\r\n      \"acLnWt040\",\r\n      \"acLnWt050\",\r\n      \"acLnWt053\",\r\n      \"acLnWt060\",\r\n      \"acLnWt070\",\r\n      \"acLnWt080\",\r\n      \"acLnWt090\",\r\n      \"acLnWt100\",\r\n      \"acLnWt106\",\r\n      \"acLnWt120\",\r\n      \"acLnWt140\",\r\n      \"acLnWt158\",\r\n      \"acLnWt200\",\r\n      \"acLnWt211\",\r\n      \"acLnWtByLayer\",\r\n      \"acLnWtByBlock\",\r\n      \"acLnWtByLwDefault\"\r\n    ]\r\n  }\r\n]"
  },
  {
    "id": "vla-get-GripSize",
    "notes": "Changed Longt<unknown> to long because of documentation typo",
    "fullSelectedPath": "functions,vla-get-gripsize,returnType",
    "targetProperty": "returnType",
    "jsonValue": "{\r\n  \"id\": \"Return\",\r\n  \"typeNames\": \"Long\",\r\n  \"primitive\": \"long\",\r\n  \"enums\": []\r\n}"
  },
  {
    "id": "vla-set-GripSize",
    "notes": "Changed Longt<unknown> to long because of documentation typo",
    "fullSelectedPath": "functions,vla-set-gripsize,arguments",
    "targetProperty": "arguments",
    "jsonValue": "[\r\n  {\r\n    \"id\": \"Object\",\r\n    \"typeNames\": \"PreferencesSelection\",\r\n    \"primitive\": \"vla-object\",\r\n    \"enums\": []\r\n  },\r\n  {\r\n    \"id\": \"NewValue\",\r\n    \"typeNames\": \"Long\",\r\n    \"primitive\": \"long\",\r\n    \"enums\": []\r\n  }\r\n]"
  },
  {
    "id": "vla-set-GripSize",
    "notes": "Changed Longt<unknown> to long because of documentation typo",
    "fullSelectedPath": "functions,vla-set-gripsize,signature",
    "targetProperty": "signature",
    "jsonValue": "\"(vla-set-GripSize Object<vla-object> NewValue<long>)\""
  },
  {
    "id": "vla-get-BackgroundLinesLineweight",
    "notes": "Added Enums",
    "fullSelectedPath": "functions,vla-get-backgroundlineslineweight,returnType",
    "targetProperty": "returnType",
    "jsonValue": "{\r\n  \"id\": \"Return\",\r\n  \"typeNames\": \"ACAD_LWEIGHT\",\r\n  \"primitive\": \"enum\",\r\n  \"enums\": [\r\n      \"acLnWt000\",\r\n      \"acLnWt005\",\r\n      \"acLnWt009\",\r\n      \"acLnWt013\",\r\n      \"acLnWt015\",\r\n      \"acLnWt018\",\r\n      \"acLnWt020\",\r\n      \"acLnWt025\",\r\n      \"acLnWt030\",\r\n      \"acLnWt035\",\r\n      \"acLnWt040\",\r\n      \"acLnWt050\",\r\n      \"acLnWt053\",\r\n      \"acLnWt060\",\r\n      \"acLnWt070\",\r\n      \"acLnWt080\",\r\n      \"acLnWt090\",\r\n      \"acLnWt100\",\r\n      \"acLnWt106\",\r\n      \"acLnWt120\",\r\n      \"acLnWt140\",\r\n      \"acLnWt158\",\r\n      \"acLnWt200\",\r\n      \"acLnWt211\",\r\n      \"acLnWtByLayer\",\r\n      \"acLnWtByBlock\",\r\n      \"acLnWtByLwDefault\"\r\n    ]\r\n}"
  },
  {
    "id": "vla-set-BackgroundLinesLineweight",
    "notes": "Added Enums",
    "fullSelectedPath": "functions,vla-set-backgroundlineslineweight,arguments",
    "targetProperty": "arguments",
    "jsonValue": "[\r\n  {\r\n    \"id\": \"Object\",\r\n    \"typeNames\": \"SectionTypeSettings\",\r\n    \"primitive\": \"vla-object\",\r\n    \"enums\": []\r\n  },\r\n  {\r\n    \"id\": \"NewValue\",\r\n    \"typeNames\": \"ACAD_LWEIGHT\",\r\n    \"primitive\": \"enum\",\r\n    \"enums\": [\r\n      \"acLnWt000\",\r\n      \"acLnWt005\",\r\n      \"acLnWt009\",\r\n      \"acLnWt013\",\r\n      \"acLnWt015\",\r\n      \"acLnWt018\",\r\n      \"acLnWt020\",\r\n      \"acLnWt025\",\r\n      \"acLnWt030\",\r\n      \"acLnWt035\",\r\n      \"acLnWt040\",\r\n      \"acLnWt050\",\r\n      \"acLnWt053\",\r\n      \"acLnWt060\",\r\n      \"acLnWt070\",\r\n      \"acLnWt080\",\r\n      \"acLnWt090\",\r\n      \"acLnWt100\",\r\n      \"acLnWt106\",\r\n      \"acLnWt120\",\r\n      \"acLnWt140\",\r\n      \"acLnWt158\",\r\n      \"acLnWt200\",\r\n      \"acLnWt211\",\r\n      \"acLnWtByLayer\",\r\n      \"acLnWtByBlock\",\r\n      \"acLnWtByLwDefault\"\r\n    ]\r\n  }\r\n]"
  },
  {
    "id": "vla-set-BackgroundLinesLineweight",
    "notes": "Changed unknown to enum",
    "fullSelectedPath": "functions,vla-set-backgroundlineslineweight,signature",
    "targetProperty": "signature",
    "jsonValue": "\"(vla-set-BackgroundLinesLineweight Object<vla-object> NewValue<enum>)\""
  },
  {
    "id": "vla-get-CurveTangencyLinesLineweight",
    "notes": "Added Enums",
    "fullSelectedPath": "functions,vla-get-curvetangencylineslineweight,returnType",
    "targetProperty": "returnType",
    "jsonValue": "{\r\n  \"id\": \"Return\",\r\n  \"typeNames\": \"ACAD_LWEIGHT\",\r\n  \"primitive\": \"enum\",\r\n  \"enums\": [\r\n      \"acLnWt000\",\r\n      \"acLnWt005\",\r\n      \"acLnWt009\",\r\n      \"acLnWt013\",\r\n      \"acLnWt015\",\r\n      \"acLnWt018\",\r\n      \"acLnWt020\",\r\n      \"acLnWt025\",\r\n      \"acLnWt030\",\r\n      \"acLnWt035\",\r\n      \"acLnWt040\",\r\n      \"acLnWt050\",\r\n      \"acLnWt053\",\r\n      \"acLnWt060\",\r\n      \"acLnWt070\",\r\n      \"acLnWt080\",\r\n      \"acLnWt090\",\r\n      \"acLnWt100\",\r\n      \"acLnWt106\",\r\n      \"acLnWt120\",\r\n      \"acLnWt140\",\r\n      \"acLnWt158\",\r\n      \"acLnWt200\",\r\n      \"acLnWt211\",\r\n      \"acLnWtByLayer\",\r\n      \"acLnWtByBlock\",\r\n      \"acLnWtByLwDefault\"\r\n    ]\r\n}"
  },
  {
    "id": "vla-set-CurveTangencyLinesLineweight",
    "notes": "Added Enums",
    "fullSelectedPath": "functions,vla-set-curvetangencylineslineweight,arguments",
    "targetProperty": "arguments",
    "jsonValue": "[\r\n  {\r\n    \"id\": \"Object\",\r\n    \"typeNames\": \"SectionTypeSettings\",\r\n    \"primitive\": \"vla-object\",\r\n    \"enums\": []\r\n  },\r\n  {\r\n    \"id\": \"NewValue\",\r\n    \"typeNames\": \"ACAD_LWEIGHT\",\r\n    \"primitive\": \"enum\",\r\n    \"enums\": [\r\n      \"acLnWt000\",\r\n      \"acLnWt005\",\r\n      \"acLnWt009\",\r\n      \"acLnWt013\",\r\n      \"acLnWt015\",\r\n      \"acLnWt018\",\r\n      \"acLnWt020\",\r\n      \"acLnWt025\",\r\n      \"acLnWt030\",\r\n      \"acLnWt035\",\r\n      \"acLnWt040\",\r\n      \"acLnWt050\",\r\n      \"acLnWt053\",\r\n      \"acLnWt060\",\r\n      \"acLnWt070\",\r\n      \"acLnWt080\",\r\n      \"acLnWt090\",\r\n      \"acLnWt100\",\r\n      \"acLnWt106\",\r\n      \"acLnWt120\",\r\n      \"acLnWt140\",\r\n      \"acLnWt158\",\r\n      \"acLnWt200\",\r\n      \"acLnWt211\",\r\n      \"acLnWtByLayer\",\r\n      \"acLnWtByBlock\",\r\n      \"acLnWtByLwDefault\"\r\n    ]\r\n  }\r\n]"
  },
  {
    "id": "vla-set-CurveTangencyLinesLineweight",
    "notes": "Changed unknown to enum",
    "fullSelectedPath": "functions,vla-set-curvetangencylineslineweight,signature",
    "targetProperty": "signature",
    "jsonValue": "\"(vla-set-CurveTangencyLinesLineweight Object<vla-object> NewValue<enum>)\""
  },
  {
    "id": "vla-get-ForegroundLinesLineweight",
    "notes": "Added Enums",
    "fullSelectedPath": "functions,vla-get-foregroundlineslineweight,returnType",
    "targetProperty": "returnType",
    "jsonValue": "{\r\n  \"id\": \"Return\",\r\n  \"typeNames\": \"ACAD_LWEIGHT\",\r\n  \"primitive\": \"enum\",\r\n  \"enums\":  [\r\n      \"acLnWt000\",\r\n      \"acLnWt005\",\r\n      \"acLnWt009\",\r\n      \"acLnWt013\",\r\n      \"acLnWt015\",\r\n      \"acLnWt018\",\r\n      \"acLnWt020\",\r\n      \"acLnWt025\",\r\n      \"acLnWt030\",\r\n      \"acLnWt035\",\r\n      \"acLnWt040\",\r\n      \"acLnWt050\",\r\n      \"acLnWt053\",\r\n      \"acLnWt060\",\r\n      \"acLnWt070\",\r\n      \"acLnWt080\",\r\n      \"acLnWt090\",\r\n      \"acLnWt100\",\r\n      \"acLnWt106\",\r\n      \"acLnWt120\",\r\n      \"acLnWt140\",\r\n      \"acLnWt158\",\r\n      \"acLnWt200\",\r\n      \"acLnWt211\",\r\n      \"acLnWtByLayer\",\r\n      \"acLnWtByBlock\",\r\n      \"acLnWtByLwDefault\"\r\n    ]\r\n}"
  },
  {
    "id": "vla-set-ForegroundLinesLineweight",
    "notes": "Added Enums",
    "fullSelectedPath": "functions,vla-set-foregroundlineslineweight,arguments",
    "targetProperty": "arguments",
    "jsonValue": "[\r\n  {\r\n    \"id\": \"Object\",\r\n    \"typeNames\": \"SectionTypeSettings\",\r\n    \"primitive\": \"vla-object\",\r\n    \"enums\": []\r\n  },\r\n  {\r\n    \"id\": \"NewValue\",\r\n    \"typeNames\": \"ACAD_LWEIGHT\",\r\n    \"primitive\": \"enum\",\r\n    \"enums\":  [\r\n      \"acLnWt000\",\r\n      \"acLnWt005\",\r\n      \"acLnWt009\",\r\n      \"acLnWt013\",\r\n      \"acLnWt015\",\r\n      \"acLnWt018\",\r\n      \"acLnWt020\",\r\n      \"acLnWt025\",\r\n      \"acLnWt030\",\r\n      \"acLnWt035\",\r\n      \"acLnWt040\",\r\n      \"acLnWt050\",\r\n      \"acLnWt053\",\r\n      \"acLnWt060\",\r\n      \"acLnWt070\",\r\n      \"acLnWt080\",\r\n      \"acLnWt090\",\r\n      \"acLnWt100\",\r\n      \"acLnWt106\",\r\n      \"acLnWt120\",\r\n      \"acLnWt140\",\r\n      \"acLnWt158\",\r\n      \"acLnWt200\",\r\n      \"acLnWt211\",\r\n      \"acLnWtByLayer\",\r\n      \"acLnWtByBlock\",\r\n      \"acLnWtByLwDefault\"\r\n    ]\r\n  }\r\n]"
  },
  {
    "id": "vla-set-ForegroundLinesLineweight",
    "notes": "Changed unknown to enum",
    "fullSelectedPath": "functions,vla-set-foregroundlineslineweight,signature",
    "targetProperty": "signature",
    "jsonValue": "\"(vla-set-ForegroundLinesLineweight Object<vla-object> NewValue<enum>)\""
  },
  {
    "id": "vla-get-IntersectionBoundaryLineweight",
    "notes": "Added Enums",
    "fullSelectedPath": "functions,vla-get-intersectionboundarylineweight,returnType",
    "targetProperty": "returnType",
    "jsonValue": "{\r\n  \"id\": \"Return\",\r\n  \"typeNames\": \"ACAD_LWEIGHT\",\r\n  \"primitive\": \"enum\",\r\n  \"enums\": [\r\n      \"acLnWt000\",\r\n      \"acLnWt005\",\r\n      \"acLnWt009\",\r\n      \"acLnWt013\",\r\n      \"acLnWt015\",\r\n      \"acLnWt018\",\r\n      \"acLnWt020\",\r\n      \"acLnWt025\",\r\n      \"acLnWt030\",\r\n      \"acLnWt035\",\r\n      \"acLnWt040\",\r\n      \"acLnWt050\",\r\n      \"acLnWt053\",\r\n      \"acLnWt060\",\r\n      \"acLnWt070\",\r\n      \"acLnWt080\",\r\n      \"acLnWt090\",\r\n      \"acLnWt100\",\r\n      \"acLnWt106\",\r\n      \"acLnWt120\",\r\n      \"acLnWt140\",\r\n      \"acLnWt158\",\r\n      \"acLnWt200\",\r\n      \"acLnWt211\",\r\n      \"acLnWtByLayer\",\r\n      \"acLnWtByBlock\",\r\n      \"acLnWtByLwDefault\"\r\n    ]\r\n}"
  },
  {
    "id": "vla-set-IntersectionBoundaryLineweight",
    "notes": "Added Enums",
    "fullSelectedPath": "functions,vla-set-intersectionboundarylineweight,arguments",
    "targetProperty": "arguments",
    "jsonValue": "[\r\n  {\r\n    \"id\": \"Object\",\r\n    \"typeNames\": \"SectionTypeSettings\",\r\n    \"primitive\": \"vla-object\",\r\n    \"enums\": []\r\n  },\r\n  {\r\n    \"id\": \"NewValue\",\r\n    \"typeNames\": \"ACAD_LWEIGHT\",\r\n    \"primitive\": \"enum\",\r\n    \"enums\": [\r\n      \"acLnWt000\",\r\n      \"acLnWt005\",\r\n      \"acLnWt009\",\r\n      \"acLnWt013\",\r\n      \"acLnWt015\",\r\n      \"acLnWt018\",\r\n      \"acLnWt020\",\r\n      \"acLnWt025\",\r\n      \"acLnWt030\",\r\n      \"acLnWt035\",\r\n      \"acLnWt040\",\r\n      \"acLnWt050\",\r\n      \"acLnWt053\",\r\n      \"acLnWt060\",\r\n      \"acLnWt070\",\r\n      \"acLnWt080\",\r\n      \"acLnWt090\",\r\n      \"acLnWt100\",\r\n      \"acLnWt106\",\r\n      \"acLnWt120\",\r\n      \"acLnWt140\",\r\n      \"acLnWt158\",\r\n      \"acLnWt200\",\r\n      \"acLnWt211\",\r\n      \"acLnWtByLayer\",\r\n      \"acLnWtByBlock\",\r\n      \"acLnWtByLwDefault\"\r\n    ]\r\n  }\r\n]"
  },
  {
    "id": "vla-set-IntersectionBoundaryLineweight",
    "notes": "Changed unknown to enum",
    "fullSelectedPath": "functions,vla-set-intersectionboundarylineweight,signature",
    "targetProperty": "signature",
    "jsonValue": "\"(vla-set-IntersectionBoundaryLineweight Object<vla-object> NewValue<enum>)\""
  },
  {
    "id": "vla-get-IntersectionFillLineweight",
    "notes": "Added Enums",
    "fullSelectedPath": "functions,vla-get-intersectionfilllineweight,returnType",
    "targetProperty": "returnType",
    "jsonValue": "{\r\n  \"id\": \"Return\",\r\n  \"typeNames\": \"ACAD_LWEIGHT\",\r\n  \"primitive\": \"enum\",\r\n  \"enums\":  [\r\n      \"acLnWt000\",\r\n      \"acLnWt005\",\r\n      \"acLnWt009\",\r\n      \"acLnWt013\",\r\n      \"acLnWt015\",\r\n      \"acLnWt018\",\r\n      \"acLnWt020\",\r\n      \"acLnWt025\",\r\n      \"acLnWt030\",\r\n      \"acLnWt035\",\r\n      \"acLnWt040\",\r\n      \"acLnWt050\",\r\n      \"acLnWt053\",\r\n      \"acLnWt060\",\r\n      \"acLnWt070\",\r\n      \"acLnWt080\",\r\n      \"acLnWt090\",\r\n      \"acLnWt100\",\r\n      \"acLnWt106\",\r\n      \"acLnWt120\",\r\n      \"acLnWt140\",\r\n      \"acLnWt158\",\r\n      \"acLnWt200\",\r\n      \"acLnWt211\",\r\n      \"acLnWtByLayer\",\r\n      \"acLnWtByBlock\",\r\n      \"acLnWtByLwDefault\"\r\n    ]\r\n}"
  },
  {
    "id": "vla-set-IntersectionFillLineweight",
    "notes": "Added Enums",
    "fullSelectedPath": "functions,vla-set-intersectionfilllineweight,arguments",
    "targetProperty": "arguments",
    "jsonValue": "[\r\n  {\r\n    \"id\": \"Object\",\r\n    \"typeNames\": \"SectionTypeSettings\",\r\n    \"primitive\": \"vla-object\",\r\n    \"enums\": []\r\n  },\r\n  {\r\n    \"id\": \"NewValue\",\r\n    \"typeNames\": \"ACAD_LWEIGHT\",\r\n    \"primitive\": \"enum\",\r\n    \"enums\": [\r\n      \"acLnWt000\",\r\n      \"acLnWt005\",\r\n      \"acLnWt009\",\r\n      \"acLnWt013\",\r\n      \"acLnWt015\",\r\n      \"acLnWt018\",\r\n      \"acLnWt020\",\r\n      \"acLnWt025\",\r\n      \"acLnWt030\",\r\n      \"acLnWt035\",\r\n      \"acLnWt040\",\r\n      \"acLnWt050\",\r\n      \"acLnWt053\",\r\n      \"acLnWt060\",\r\n      \"acLnWt070\",\r\n      \"acLnWt080\",\r\n      \"acLnWt090\",\r\n      \"acLnWt100\",\r\n      \"acLnWt106\",\r\n      \"acLnWt120\",\r\n      \"acLnWt140\",\r\n      \"acLnWt158\",\r\n      \"acLnWt200\",\r\n      \"acLnWt211\",\r\n      \"acLnWtByLayer\",\r\n      \"acLnWtByBlock\",\r\n      \"acLnWtByLwDefault\"\r\n    ]\r\n  }\r\n]"
  },
  {
    "id": "vla-set-IntersectionFillLineweight",
    "notes": "Changed unknown to enum",
    "fullSelectedPath": "functions,vla-set-intersectionfilllineweight,signature",
    "targetProperty": "signature",
    "jsonValue": "\"(vla-set-IntersectionFillLineweight Object<vla-object> NewValue<enum>)\""
  },
  {
    "id": "vla-get-LeaderLineWeight",
    "notes": "Added Enums",
    "fullSelectedPath": "functions,vla-get-leaderlineweight,returnType",
    "targetProperty": "returnType",
    "jsonValue": "{\r\n  \"id\": \"Return\",\r\n  \"typeNames\": \"ACAD_LWEIGHT\",\r\n  \"primitive\": \"enum\",\r\n  \"enums\": [\r\n      \"acLnWt000\",\r\n      \"acLnWt005\",\r\n      \"acLnWt009\",\r\n      \"acLnWt013\",\r\n      \"acLnWt015\",\r\n      \"acLnWt018\",\r\n      \"acLnWt020\",\r\n      \"acLnWt025\",\r\n      \"acLnWt030\",\r\n      \"acLnWt035\",\r\n      \"acLnWt040\",\r\n      \"acLnWt050\",\r\n      \"acLnWt053\",\r\n      \"acLnWt060\",\r\n      \"acLnWt070\",\r\n      \"acLnWt080\",\r\n      \"acLnWt090\",\r\n      \"acLnWt100\",\r\n      \"acLnWt106\",\r\n      \"acLnWt120\",\r\n      \"acLnWt140\",\r\n      \"acLnWt158\",\r\n      \"acLnWt200\",\r\n      \"acLnWt211\",\r\n      \"acLnWtByLayer\",\r\n      \"acLnWtByBlock\",\r\n      \"acLnWtByLwDefault\"\r\n    ]\r\n}"
  },
  {
    "id": "vla-set-LeaderLineWeight",
    "notes": "Added Enums",
    "fullSelectedPath": "functions,vla-set-leaderlineweight,arguments",
    "targetProperty": "arguments",
    "jsonValue": "[\r\n  {\r\n    \"id\": \"Object\",\r\n    \"typeNames\": \"MLeader, MLeaderLeader, MLeaderStyle\",\r\n    \"primitive\": \"vla-object\",\r\n    \"enums\": []\r\n  },\r\n  {\r\n    \"id\": \"NewValue\",\r\n    \"typeNames\": \"ACAD_LWEIGHT\",\r\n    \"primitive\": \"enum\",\r\n    \"enums\": [\r\n      \"acLnWt000\",\r\n      \"acLnWt005\",\r\n      \"acLnWt009\",\r\n      \"acLnWt013\",\r\n      \"acLnWt015\",\r\n      \"acLnWt018\",\r\n      \"acLnWt020\",\r\n      \"acLnWt025\",\r\n      \"acLnWt030\",\r\n      \"acLnWt035\",\r\n      \"acLnWt040\",\r\n      \"acLnWt050\",\r\n      \"acLnWt053\",\r\n      \"acLnWt060\",\r\n      \"acLnWt070\",\r\n      \"acLnWt080\",\r\n      \"acLnWt090\",\r\n      \"acLnWt100\",\r\n      \"acLnWt106\",\r\n      \"acLnWt120\",\r\n      \"acLnWt140\",\r\n      \"acLnWt158\",\r\n      \"acLnWt200\",\r\n      \"acLnWt211\",\r\n      \"acLnWtByLayer\",\r\n      \"acLnWtByBlock\",\r\n      \"acLnWtByLwDefault\"\r\n    ]\r\n  }\r\n]"
  },
  {
    "id": "vla-set-LeaderLineWeight",
    "notes": "Changed unknown to enum",
    "fullSelectedPath": "functions,vla-set-leaderlineweight,signature",
    "targetProperty": "signature",
    "jsonValue": "\"(vla-set-LeaderLineWeight Object<vla-object> NewValue<enum>)\""
  },
  {
    "id": "vla-CreateTypedArray",
    "notes": "Cleaned up Value1, added Value2 and populated the vbVarType enum list",
    "fullSelectedPath": "functions,vla-createtypedarray,arguments",
    "targetProperty": "arguments",
    "jsonValue": "[\r\n  {\r\n    \"id\": \"Object\",\r\n    \"typeNames\": \"Utility\",\r\n    \"primitive\": \"vla-object\",\r\n    \"enums\": []\r\n  },\r\n  {\r\n    \"id\": \"VarArr\",\r\n    \"typeNames\": \"Variant\",\r\n    \"primitive\": \"variant\",\r\n    \"enums\": []\r\n  },\r\n  {\r\n    \"id\": \"Type\",\r\n    \"typeNames\": \"VbVarType\",\r\n    \"primitive\": \"enum\",\r\n    \"enums\": [\r\n      \"vbBoolean\",\r\n      \"vbInteger\",\r\n      \"vbLong\",\r\n      \"vbSingle\",\r\n      \"vbDouble\"\r\n    ]\r\n  },\r\n  {\r\n    \"id\": \"Value1\",\r\n    \"typeNames\": \"Boolean, Integer, Long, Single, Double\",\r\n    \"primitive\": \"many\",\r\n    \"enums\": []\r\n  },\r\n  {\r\n    \"id\": \"Value2\",\r\n    \"typeNames\": \"Boolean, Integer, Long, Single, Double\",\r\n    \"primitive\": \"many\",\r\n    \"enums\": []\r\n  }\r\n]"
  },
  {
    "id": "vla-CreateTypedArray",
    "notes": "Fixed signature, they combined too much in the argument list",
    "fullSelectedPath": "functions,vla-createtypedarray,signature",
    "targetProperty": "signature",
    "jsonValue": "\"(vla-CreateTypedArray Object<vla-object> VarArr<variant> Type<enum> Value1<many> Value2<many>...)\""
  },
  {
    "id": "vla-SwapOrder",
    "notes": "Replaced unknown with IAcadEntity/vla-object",
    "fullSelectedPath": "functions,vla-swaporder,arguments",
    "targetProperty": "arguments",
    "jsonValue": "[\r\n  {\r\n    \"id\": \"Object\",\r\n    \"typeNames\": \"SortentsTable\",\r\n    \"primitive\": \"vla-object\",\r\n    \"enums\": []\r\n  },\r\n  {\r\n    \"id\": \"Object1\",\r\n    \"typeNames\": \"IAcadEntity\",\r\n    \"primitive\": \"vla-object\",\r\n    \"enums\": []\r\n  },\r\n  {\r\n    \"id\": \"Object2\",\r\n    \"typeNames\": \"IAcadEntity\",\r\n    \"primitive\": \"vla-object\",\r\n    \"enums\": []\r\n  }\r\n]"
  },
  {
    "id": "vla-SwapOrder",
    "notes": "Replaced unknowns with vla-object",
    "fullSelectedPath": "functions,vla-swaporder,signature",
    "targetProperty": "signature",
    "jsonValue": "\"(vla-SwapOrder Object<vla-object> Object1<vla-object> Object2<vla-object>)\""
  },
  {
    "id": "defun-q",
    "notes": "Removed last ? mark",
    "fullSelectedPath": "functions,defun-q,signature",
    "targetProperty": "signature",
    "jsonValue": "\"(defun-q sym<symbol> (arguments?<many> /?<symbol> variables?<symbol>...) expr<list>...)\""
  },
  {
    "id": "defun",
    "notes": "Removed last ? mark",
    "fullSelectedPath": "functions,defun,signature",
    "targetProperty": "signature",
    "jsonValue": "\"(defun sym<symbol> (arguments?<many> /?<symbol> variables?<symbol>...) expr<list>...)\""
  },
  {
    "id": "grread",
    "notes": "Fixed curtype id to be integer",
    "fullSelectedPath": "functions,grread,arguments",
    "targetProperty": "arguments",
    "jsonValue": "[\r\n  {\r\n    \"id\": \"track\",\r\n    \"typeNames\": \"Boolean, nil\",\r\n    \"primitive\": \"boolean\",\r\n    \"enums\": []\r\n  },\r\n  {\r\n    \"id\": \"allkeys\",\r\n    \"typeNames\": \"Integer\",\r\n    \"primitive\": \"integer\",\r\n    \"enums\": [\r\n      \"1\",\r\n      \"2\",\r\n      \"4\",\r\n      \"8\"\r\n    ]\r\n  },\r\n  {\r\n    \"id\": \"curtype\",\r\n    \"typeNames\": \"Integer\",\r\n    \"primitive\": \"integer\",\r\n    \"enums\": [\r\n      \"1\",\r\n      \"2\"\r\n    ]\r\n  }\r\n]"
  },
  {
    "id": "grread",
    "notes": "Fixed curtype id to be integer",
    "fullSelectedPath": "functions,grread,signature",
    "targetProperty": "signature",
    "jsonValue": "\"(grread track?<boolean> allkeys?<integer> curtype?<integer>)\""
  },
  {
    "id": "layerstate-addlayers",
    "notes": "Odd documentation. The list... at the end didn't make sense changed to just ...",
    "fullSelectedPath": "functions,layerstate-addlayers,signature",
    "targetProperty": "signature",
    "jsonValue": "\"(layerstate-addlayers layerstatename<string> (list layername<string> state<integer> color<list> linetype<string> lineweight<integer> plotstyle<string>)...))\""
  },
  {
    "id": "3dsin",
    "notes": "Removed last ? mark",
    "fullSelectedPath": "functions,3dsin,signature",
    "targetProperty": "signature",
    "jsonValue": "\"(c:3dsin mode<integer> multimat?<integer> create?<integer> file<string>)\""
  },
  {
    "id": "vlax-for",
    "notes": "Removed uneccessary argument and added ...",
    "fullSelectedPath": "functions,vlax-for,arguments",
    "targetProperty": "arguments",
    "jsonValue": "[\r\n  {\r\n    \"id\": \"symbol\",\r\n    \"typeNames\": \"Vla-Object\",\r\n    \"primitive\": \"vla-object\",\r\n    \"enums\": []\r\n  },\r\n  {\r\n    \"id\": \"collection\",\r\n    \"typeNames\": \"Vla-Object\",\r\n    \"primitive\": \"vla-object\",\r\n    \"enums\": []\r\n  },\r\n  {\r\n    \"id\": \"expression\",\r\n    \"typeNames\": \"List, Subroutine, Symbol\",\r\n    \"primitive\": \"many\",\r\n    \"enums\": []\r\n  }\r\n]"
  },
  {
    "id": "vlax-for",
    "notes": "Removed uneccessary argument and added ...",
    "fullSelectedPath": "functions,vlax-for,signature",
    "targetProperty": "signature",
    "jsonValue": "\"(vlax-for symbol<vla-object> collection<vla-object> expression?<many>...)\""
  },
  {
    "id": "vlax-import-type-library",
    "notes": "Deleted all the random decorations not specifically covered by the arguments definitions",
    "fullSelectedPath": "functions,vlax-import-type-library,signature",
    "targetProperty": "signature",
    "jsonValue": "\"(vlax-import-type-library filename<string> mprefix<string> pprefix<string> cprefix<string>)\""
  },
  {
    "id": "vlax-make-safearray",
    "notes": "Deleted 3 args because it split the '(l-bound . u-bound) up into 3 args",
    "fullSelectedPath": "functions,vlax-make-safearray,arguments",
    "targetProperty": "arguments",
    "jsonValue": "[\r\n  {\r\n    \"id\": \"type\",\r\n    \"typeNames\": \"Integer\",\r\n    \"primitive\": \"integer\",\r\n    \"enums\": [\r\n      \"vlax-vbInteger\",\r\n      \"vlax-vbLong\",\r\n      \"vlax-vbSingle\",\r\n      \"vlax-vbDouble\",\r\n      \"vlax-vbString\",\r\n      \"vlax-vbObject\",\r\n      \"vlax-vbBoolean\",\r\n      \"vlax-vbVariant\"\r\n    ]\r\n  },\r\n  {\r\n    \"id\": \"l-bound\",\r\n    \"typeNames\": \"Integer\",\r\n    \"primitive\": \"integer\",\r\n    \"enums\": []\r\n  },\r\n  {\r\n    \"id\": \"u-bound\",\r\n    \"typeNames\": \"Integer\",\r\n    \"primitive\": \"integer\",\r\n    \"enums\": []\r\n  }\r\n]"
  },
  {
    "id": "vlax-make-safearray",
    "notes": "Did a lot of cleanup work beause this is a tough signature to parse properly",
    "fullSelectedPath": "functions,vlax-make-safearray,signature",
    "targetProperty": "signature",
    "jsonValue": "\"(vlax-make-safearray type<integer> '(l-bound<integer> . u-bound<integer>) '(l-bound?<integer> . u-bound?<integer>)...)\""
  },
  {
    "id": "vlax-property-available-p",
    "notes": "Short variable in signature vs long name in arg list, fixed signature",
    "fullSelectedPath": "functions,vlax-property-available-p,signature",
    "targetProperty": "signature",
    "jsonValue": "\"(vlax-property-available-p obj<vla-object> property<string|symbol> check-modify?<boolean>)\""
  },
  {
    "id": "vla-get-TextFillColor",
    "notes": "Changed unknown to Integer, Arx documentation used the term ACAD_COLOR and said it tried to cast it to Int",
    "fullSelectedPath": "functions,vla-get-textfillcolor,returnType",
    "targetProperty": "returnType",
    "jsonValue": "{\r\n  \"id\": \"Return\",\r\n  \"typeNames\": \"ACAD_COLOR\",\r\n  \"primitive\": \"integer\",\r\n  \"enums\": []\r\n}"
  },
  {
    "id": "vla-set-TextFillColor",
    "notes": "Changed unknown to Integer, Arx documentation used the term ACAD_COLOR and said it tried to cast it to Int",
    "fullSelectedPath": "functions,vla-set-textfillcolor,arguments",
    "targetProperty": "arguments",
    "jsonValue": "[\r\n  {\r\n    \"id\": \"Object\",\r\n    \"typeNames\": \"Dim3PointAngular, DimAligned, DimAngular, DimArcLength, DimDiametric, Dimension, DimOrdinate, DimRadial, DimRadialLarge, DimRotated\",\r\n    \"primitive\": \"vla-object\",\r\n    \"enums\": []\r\n  },\r\n  {\r\n    \"id\": \"NewValue\",\r\n    \"typeNames\": \"ACAD_COLOR\",\r\n    \"primitive\": \"integer\",\r\n    \"enums\": []\r\n  }\r\n]"
  },
  {
    "id": "vla-set-TextFillColor",
    "notes": "Changed unknown to Integer, Arx documentation used the term ACAD_COLOR and said it tried to cast it to Int",
    "fullSelectedPath": "functions,vla-set-textfillcolor,signature",
    "targetProperty": "signature",
    "jsonValue": "\"(vla-set-TextFillColor Object<vla-object> NewValue<integer>)\""
  },
  {
    "id": "vlax-make-variant",
    "notes": "Removed a bunch of garbage enums",
    "fullSelectedPath": "functions,vlax-make-variant,arguments,[1],enums",
    "targetProperty": "arguments",
    "jsonValue": "[\r\n  {\r\n    \"id\": \"value\",\r\n    \"typeNames\": \"Boolean, Integer, nil, Real, Safearray, String, Vla-Object\",\r\n    \"primitive\": \"any\",\r\n    \"enums\": []\r\n  },\r\n  {\r\n    \"id\": \"type\",\r\n    \"typeNames\": \"Integer\",\r\n    \"primitive\": \"integer\",\r\n    \"enums\": [\r\n      \"vlax-vbEmpty\",\r\n      \"vlax-vbNull\",\r\n      \"vlax-vbInteger\",\r\n      \"vlax-vbLong\",\r\n      \"vlax-vbSingle\",\r\n      \"vlax-vbDouble\",\r\n      \"vlax-vbString\",\r\n      \"vlax-vbObject\",\r\n      \"vlax-vbBoolean\",\r\n      \"vlax-vbArray\"\r\n    ]\r\n  }\r\n]"
  },
  {
    "id": "vla-Block",
    "notes": "Added missing platform",
    "fullSelectedPath": "functions,vla-block,platforms",
    "targetProperty": "platforms",
    "jsonValue": "\"WIN\""
  }
]